"","pages","version","portal"
"1",9,0,1
"2",33,1,1
"3",16,0,0
"4",17,0,0
"5",14,1,0
"6",5,0,1
"7",18,0,0
"8",8,0,0
"9",9,0,1
"10",34,1,1
"11",11,0,0
"12",8,0,0
"13",14,0,1
"14",30,1,1
"15",38,1,1
"16",9,0,0
"17",20,1,0
"18",36,1,1
"19",36,1,1
"20",7,0,0
"21",28,1,0
"22",26,1,0
"23",22,1,0
"24",8,0,0
"25",10,0,1
"26",15,0,0
"27",23,1,0
"28",17,1,0
"29",29,1,1
"30",9,0,0
"31",12,0,0
"32",24,1,0
"33",13,0,0
"34",17,1,0
"35",6,0,1
"36",9,0,1
"37",5,0,1
"38",39,1,1
"39",9,0,1
"40",22,1,0
"41",14,0,0
"42",43,1,1
"43",13,0,0
"44",35,1,1
"45",17,1,0
"46",17,1,0
"47",19,1,0
"48",14,0,1
"49",23,1,0
"50",15,1,0
"51",11,0,1
"52",29,1,1
"53",12,0,0
"54",4,0,1
"55",18,1,0
"56",39,1,1
"57",14,0,0
"58",19,0,0
"59",5,0,1
"60",41,1,1
"61",23,1,0
"62",5,0,1
"63",6,0,0
"64",26,1,1
"65",37,1,1
"66",40,1,1
"67",33,1,1
"68",11,0,0
"69",10,0,0
"70",12,0,0
"71",6,0,1
"72",32,1,1
"73",11,0,1
"74",21,1,0
"75",33,1,1
"76",36,1,1
"77",12,0,0
"78",15,0,0
"79",11,0,0
"80",8,0,0
"81",4,0,1
"82",24,1,0
"83",23,1,0
"84",15,1,0
"85",5,0,1
"86",33,1,1
"87",22,1,0
"88",8,0,1
"89",20,1,0
"90",9,0,0
"91",44,1,1
"92",29,1,1
"93",27,1,0
"94",33,1,1
"95",6,0,1
"96",11,0,0
"97",10,0,0
"98",4,0,1
"99",10,0,0
"100",22,1,0
"101",11,0,1
"102",38,1,1
"103",21,1,0
"104",12,0,0
"105",19,1,0
"106",14,0,0
"107",17,0,0
"108",19,1,0
"109",4,0,1
"110",36,1,1
"111",8,0,1
"112",8,0,0
"113",22,1,0
"114",35,1,1
"115",9,0,0
"116",17,1,0
"117",6,0,1
"118",6,0,1
"119",6,0,1
"120",23,1,0
"121",17,1,0
"122",20,1,1
"123",23,1,0
"124",3,0,1
"125",6,0,0
"126",16,1,0
"127",34,1,1
"128",40,1,1
"129",15,0,0
"130",23,1,0
"131",5,0,1
"132",35,1,1
"133",31,1,1
"134",36,1,1
"135",40,1,1
"136",25,1,0
"137",41,1,1
"138",39,1,1
"139",12,0,0
"140",19,1,0
"141",34,1,1
"142",38,1,1
"143",2,0,1
"144",6,0,1
"145",5,0,1
"146",21,1,0
"147",7,0,1
"148",15,1,0
"149",19,1,0
"150",38,1,1
"151",7,0,1
"152",14,0,0
"153",17,1,0
"154",14,1,0
"155",10,0,0
"156",32,1,1
"157",29,1,1
"158",8,0,1
"159",9,0,1
"160",38,1,1
"161",13,0,0
"162",9,0,0
"163",28,1,0
"164",5,0,1
"165",8,0,1
"166",22,1,0
"167",35,1,1
"168",24,1,0
"169",8,0,1
"170",24,1,1
"171",40,1,1
"172",13,0,0
"173",7,0,1
"174",11,0,0
"175",32,1,1
"176",20,0,0
"177",5,0,1
"178",36,1,1
"179",9,0,0
"180",16,0,0
"181",37,1,1
"182",17,0,0
"183",12,0,0
"184",33,1,1
"185",17,0,0
"186",10,0,0
"187",41,1,1
"188",9,0,1
"189",7,0,1
"190",26,1,1
"191",19,1,0
"192",18,0,0
"193",24,1,0
"194",9,0,0
"195",8,0,1
"196",33,1,1
"197",32,1,1
"198",22,1,0
"199",12,0,0
"200",16,1,0
"201",13,1,0
"202",7,0,0
"203",31,1,1
"204",27,1,1
"205",45,1,1
"206",25,1,1
"207",33,1,1
"208",21,1,0
"209",25,1,0
"210",11,0,1
"211",23,1,0
"212",39,1,1
"213",8,0,1
"214",16,0,1
"215",34,1,1
"216",13,0,0
"217",21,1,0
"218",27,1,0
"219",9,0,1
"220",24,1,1
"221",22,1,0
"222",22,1,0
"223",10,0,0
"224",14,1,0
"225",22,1,0
"226",19,1,0
"227",12,0,0
"228",24,1,0
"229",5,0,1
"230",18,0,0
"231",13,0,0
"232",33,1,1
"233",23,1,0
"234",16,1,0
"235",23,1,0
"236",21,1,0
"237",38,1,1
"238",9,0,0
"239",18,1,0
"240",33,1,1
"241",32,1,1
"242",29,1,0
"243",11,1,0
"244",4,0,1
"245",23,1,0
"246",17,1,0
"247",6,0,1
"248",31,1,1
"249",33,1,1
"250",31,1,1
"251",10,0,1
"252",6,0,1
"253",18,1,0
"254",7,0,0
"255",11,0,1
"256",9,0,1
"257",4,0,1
"258",24,1,0
"259",35,1,1
"260",21,1,0
"261",10,0,0
"262",27,1,1
"263",26,1,1
"264",6,0,0
"265",37,1,1
"266",8,0,0
"267",32,1,1
"268",16,0,0
"269",23,1,1
"270",17,0,0
"271",14,0,0
"272",10,0,0
"273",23,1,0
"274",23,1,0
"275",16,0,0
"276",11,0,0
"277",10,0,1
"278",8,0,1
"279",19,0,0
"280",13,0,0
"281",28,1,1
"282",17,0,0
"283",19,1,0
"284",22,1,0
"285",33,1,1
"286",6,0,1
"287",10,0,0
"288",8,0,1
"289",23,1,0
"290",30,1,1
"291",8,0,1
"292",30,1,1
"293",25,1,0
"294",26,1,1
"295",42,1,1
"296",13,1,0
"297",21,1,0
"298",38,1,1
"299",36,1,1
"300",17,0,0
"301",9,0,0
"302",7,0,0
"303",19,1,0
"304",10,0,1
"305",14,1,0
"306",20,1,0
"307",23,1,0
"308",19,1,0
"309",26,1,1
"310",39,1,1
"311",29,1,1
"312",13,1,0
"313",42,1,1
"314",11,0,1
"315",21,0,0
"316",4,0,1
"317",35,1,1
"318",14,0,0
"319",10,1,0
"320",3,0,1
"321",41,1,1
"322",7,0,1
"323",32,1,1
"324",15,0,0
"325",25,1,0
"326",18,1,0
"327",9,0,1
"328",37,1,1
"329",22,1,0
"330",36,1,1
"331",12,0,0
"332",17,0,0
"333",36,1,1
"334",10,0,1
"335",37,1,1
"336",7,0,1
"337",17,1,0
"338",10,0,1
"339",33,1,1
"340",16,1,0
"341",38,1,1
"342",17,1,0
"343",12,0,0
"344",29,1,1
"345",35,1,1
"346",26,1,0
"347",16,0,0
"348",15,0,0
"349",13,1,0
"350",34,1,1
"351",4,0,1
"352",14,0,1
"353",25,1,0
"354",41,1,1
"355",27,1,1
"356",13,0,0
"357",12,0,0
"358",14,0,0
"359",24,1,0
"360",8,0,1
"361",22,1,0
"362",4,0,1
"363",18,1,0
"364",10,0,0
"365",8,0,1
"366",28,1,0
"367",9,0,0
"368",7,0,1
"369",37,1,1
"370",20,1,0
"371",5,0,1
"372",11,0,0
"373",33,1,1
"374",29,1,1
"375",35,1,1
"376",22,1,0
"377",14,1,0
"378",4,0,1
"379",6,0,0
"380",22,1,0
"381",10,0,0
"382",30,1,1
"383",39,1,1
"384",4,0,1
"385",41,1,1
"386",25,1,1
"387",30,1,1
"388",4,0,1
"389",4,0,1
"390",19,1,0
"391",11,0,0
"392",12,0,0
"393",27,1,1
"394",29,1,1
"395",14,0,0
"396",10,0,0
"397",8,0,1
"398",30,1,1
"399",12,0,1
"400",16,1,0
"401",6,0,1
"402",9,0,0
"403",8,0,1
"404",7,0,0
"405",20,1,0
"406",35,1,1
"407",12,0,0
"408",7,0,0
"409",35,1,1
"410",5,0,1
"411",19,1,0
"412",12,1,0
"413",11,0,0
"414",11,0,0
"415",16,0,0
"416",20,1,0
"417",33,1,1
"418",29,1,1
"419",18,1,0
"420",12,0,0
"421",18,1,0
"422",36,1,1
"423",39,1,1
"424",33,1,1
"425",24,1,0
"426",20,1,0
"427",8,0,0
"428",13,0,0
"429",11,0,0
"430",8,0,1
"431",18,1,0
"432",17,1,0
"433",15,0,0
"434",5,0,1
"435",5,0,1
"436",8,0,0
"437",11,0,0
"438",17,1,0
"439",11,0,0
"440",11,0,0
"441",11,0,0
"442",15,1,0
"443",18,1,0
"444",19,1,0
"445",17,1,0
"446",24,1,0
"447",6,0,1
"448",18,1,0
"449",18,1,0
"450",14,1,0
"451",17,1,0
"452",23,1,0
"453",15,1,0
"454",34,1,1
"455",37,1,1
"456",23,1,0
"457",7,0,1
"458",6,0,1
"459",17,1,0
"460",31,1,1
"461",34,1,1
"462",31,1,1
"463",4,0,1
"464",19,1,0
"465",8,0,1
"466",6,0,1
"467",12,0,0
"468",4,0,1
"469",9,0,1
"470",19,1,0
"471",9,0,0
"472",35,1,1
"473",36,1,1
"474",20,0,0
"475",44,1,1
"476",27,1,1
"477",30,1,1
"478",6,0,1
"479",31,1,1
"480",7,0,1
"481",14,0,0
"482",11,0,0
"483",14,0,0
"484",7,0,0
"485",13,0,1
"486",12,0,0
"487",31,1,0
"488",8,0,1
"489",9,0,0
"490",20,1,0
"491",32,1,1
"492",32,1,1
"493",31,1,1
"494",22,1,0
"495",35,1,1
"496",32,1,1
"497",9,0,1
"498",31,1,1
"499",33,1,1
"500",40,1,1
"501",11,0,0
"502",36,1,1
"503",43,1,1
"504",5,0,1
"505",8,0,1
"506",10,0,0
"507",27,1,0
"508",15,1,0
"509",39,1,1
"510",14,0,0
"511",10,0,1
"512",9,0,1
"513",30,1,1
"514",20,1,0
"515",11,0,0
"516",11,0,0
"517",37,1,1
"518",2,0,1
"519",18,1,0
"520",34,1,1
"521",25,1,1
"522",39,1,1
"523",16,0,0
"524",10,0,1
"525",14,0,0
"526",7,0,1
"527",38,1,1
"528",14,0,0
"529",3,0,1
"530",22,1,1
"531",22,1,1
"532",7,0,0
"533",24,1,1
"534",34,1,1
"535",11,0,0
"536",28,1,1
"537",18,0,0
"538",19,1,0
"539",25,1,1
"540",23,1,0
"541",14,0,1
"542",31,1,1
"543",9,0,1
"544",12,1,0
"545",36,1,1
"546",30,1,1
"547",25,1,0
"548",5,0,1
"549",9,0,0
"550",23,1,0
"551",2,0,1
"552",23,1,0
"553",41,1,1
"554",4,0,1
"555",15,0,0
"556",7,0,1
"557",9,0,0
"558",7,0,1
"559",2,0,1
"560",26,1,1
"561",42,1,1
"562",31,1,0
"563",13,1,0
"564",30,1,1
"565",8,0,0
"566",35,1,1
"567",32,1,1
"568",9,0,0
"569",19,1,0
"570",19,1,0
"571",34,1,1
"572",10,0,0
"573",32,1,1
"574",25,0,0
"575",37,1,1
"576",24,1,0
"577",16,1,0
"578",35,1,1
"579",11,0,0
"580",23,1,0
"581",11,0,0
"582",30,1,1
"583",20,0,0
"584",11,0,1
"585",12,0,1
"586",36,1,1
"587",14,0,0
"588",11,0,0
"589",10,0,0
"590",16,1,0
"591",14,0,0
"592",16,0,0
"593",21,1,0
"594",22,1,0
"595",27,1,1
"596",8,0,1
"597",35,1,1
"598",6,0,1
"599",8,0,1
"600",21,0,0
"601",42,1,1
"602",21,1,0
"603",12,1,0
"604",13,0,0
"605",25,1,0
"606",24,1,0
"607",11,0,0
"608",34,1,1
"609",33,1,1
"610",21,1,0
"611",14,0,1
"612",37,1,1
"613",18,1,0
"614",9,0,0
"615",37,1,1
"616",11,0,1
"617",17,0,0
"618",26,1,1
"619",24,1,0
"620",21,1,0
"621",37,1,1
"622",16,0,0
"623",25,1,1
"624",23,1,0
"625",34,1,1
"626",34,1,1
"627",7,0,1
"628",15,0,0
"629",35,1,1
"630",48,1,1
"631",18,1,0
"632",32,1,1
"633",15,1,0
"634",7,0,1
"635",34,1,1
"636",35,1,1
"637",13,0,0
"638",31,1,1
"639",11,0,0
"640",4,0,1
"641",21,1,0
"642",14,0,0
"643",39,1,1
"644",6,0,1
"645",9,0,0
"646",28,1,1
"647",9,0,0
"648",8,0,1
"649",15,0,0
"650",28,1,1
"651",7,0,1
"652",9,0,0
"653",15,1,0
"654",16,0,0
"655",18,1,0
"656",13,0,0
"657",16,0,0
"658",17,0,0
"659",6,0,1
"660",9,0,1
"661",11,0,1
"662",4,0,1
"663",6,0,0
"664",25,1,0
"665",32,1,1
"666",39,1,1
"667",5,0,1
"668",5,0,1
"669",13,0,0
"670",28,1,1
"671",34,1,1
"672",8,0,1
"673",12,0,0
"674",9,0,1
"675",19,1,0
"676",33,1,1
"677",22,1,0
"678",5,0,1
"679",15,1,0
"680",13,1,0
"681",15,0,0
"682",36,1,1
"683",25,1,1
"684",19,1,0
"685",6,0,1
"686",3,0,1
"687",31,1,1
"688",9,0,1
"689",5,0,1
"690",27,1,1
"691",13,0,0
"692",18,0,0
"693",37,1,1
"694",10,0,1
"695",5,0,1
"696",9,0,1
"697",13,0,0
"698",12,0,1
"699",29,1,1
"700",31,1,1
"701",20,1,0
"702",32,1,1
"703",11,0,0
"704",38,1,1
"705",3,0,1
"706",31,1,1
"707",31,1,1
"708",9,0,1
"709",35,1,1
"710",38,1,1
"711",28,1,0
"712",23,1,0
"713",15,0,0
"714",13,0,0
"715",15,1,0
"716",21,1,0
"717",30,1,1
"718",17,1,0
"719",23,1,0
"720",31,1,1
"721",8,0,0
"722",28,1,0
"723",24,1,0
"724",40,1,1
"725",31,1,1
"726",26,1,0
"727",30,1,1
"728",21,1,0
"729",13,1,0
"730",16,0,0
"731",24,1,0
"732",8,0,1
"733",11,0,0
"734",10,0,1
"735",11,0,1
"736",22,1,0
"737",36,1,1
"738",34,1,1
"739",32,1,1
"740",33,1,1
"741",5,0,1
"742",15,1,0
"743",11,0,1
"744",7,0,0
"745",8,0,0
"746",10,0,1
"747",6,0,0
"748",11,1,0
"749",32,1,1
"750",14,0,1
"751",10,0,1
"752",22,0,0
"753",21,1,0
"754",11,0,0
"755",12,0,1
"756",37,1,1
"757",15,1,0
"758",5,0,1
"759",22,1,0
"760",19,1,0
"761",20,0,0
"762",15,1,0
"763",39,1,1
"764",41,1,1
"765",11,0,0
"766",7,0,1
"767",10,0,1
"768",7,0,1
"769",41,1,1
"770",19,1,0
"771",9,0,1
"772",25,1,0
"773",16,1,0
"774",7,0,1
"775",18,1,0
"776",11,0,1
"777",33,1,1
"778",5,0,1
"779",41,1,1
"780",17,0,0
"781",19,1,0
"782",28,1,1
"783",9,0,1
"784",25,1,0
"785",16,1,0
"786",6,0,1
"787",36,1,1
"788",13,0,0
"789",7,0,1
"790",15,1,0
"791",10,0,1
"792",12,0,0
"793",20,1,0
"794",43,1,1
"795",35,1,1
"796",7,0,1
"797",20,1,0
"798",10,0,0
"799",7,0,1
"800",19,0,0
"801",22,1,0
"802",22,1,0
"803",10,0,0
"804",23,1,0
"805",30,1,0
"806",13,0,0
"807",11,0,0
"808",20,1,0
"809",35,1,1
"810",18,1,0
"811",36,1,1
"812",38,1,1
"813",33,1,1
"814",17,1,0
"815",17,0,0
"816",9,0,1
"817",36,1,1
"818",14,0,0
"819",4,0,1
"820",38,1,1
"821",32,1,1
"822",37,1,1
"823",5,0,1
"824",12,0,0
"825",16,1,0
"826",4,0,1
"827",24,1,0
"828",3,0,1
"829",31,1,1
"830",12,0,1
"831",7,0,0
"832",23,1,0
"833",20,1,0
"834",10,0,1
"835",36,1,1
"836",17,1,0
"837",20,1,0
"838",6,0,1
"839",15,0,0
"840",6,0,1
"841",13,0,0
"842",20,1,0
"843",7,0,1
"844",9,0,1
"845",31,1,1
"846",2,0,1
"847",38,1,1
"848",7,0,0
"849",32,1,1
"850",11,0,1
"851",18,1,0
"852",10,0,0
"853",12,0,0
"854",11,0,0
"855",6,0,1
"856",11,0,0
"857",6,0,0
"858",20,1,0
"859",35,1,1
"860",13,0,0
"861",13,0,0
"862",15,1,0
"863",7,0,0
"864",34,1,1
"865",9,0,0
"866",20,1,0
"867",21,1,0
"868",18,1,0
"869",10,0,0
"870",5,0,0
"871",5,0,1
"872",40,1,1
"873",26,1,1
"874",23,1,0
"875",28,1,1
"876",18,1,0
"877",8,0,1
"878",17,0,1
"879",7,0,1
"880",21,1,0
"881",21,1,0
"882",9,0,0
"883",32,1,1
"884",15,0,1
"885",29,1,1
"886",6,0,1
"887",16,0,0
"888",19,0,0
"889",21,1,0
"890",13,0,1
"891",13,0,1
"892",8,0,1
"893",39,1,1
"894",7,0,1
"895",28,1,1
"896",36,1,1
"897",5,0,1
"898",21,1,0
"899",7,0,1
"900",22,1,0
"901",24,1,0
"902",14,1,0
"903",11,0,0
"904",38,1,1
"905",5,0,1
"906",20,1,1
"907",39,1,1
"908",12,0,0
"909",11,0,0
"910",13,0,0
"911",17,1,0
"912",28,1,1
"913",12,1,0
"914",10,1,0
"915",22,1,0
"916",33,1,1
"917",3,0,1
"918",34,1,1
"919",23,1,0
"920",26,1,1
"921",16,1,0
"922",8,0,1
"923",22,1,0
"924",26,1,1
"925",16,1,0
"926",7,0,1
"927",14,1,0
"928",32,1,1
"929",15,1,0
"930",33,1,1
"931",31,1,1
"932",23,1,0
"933",28,1,0
"934",13,1,0
"935",29,1,1
"936",23,1,1
"937",27,1,1
"938",12,0,0
"939",28,1,1
"940",7,0,1
"941",31,1,1
"942",40,1,1
"943",12,0,0
"944",12,0,1
"945",20,1,0
"946",8,0,1
"947",1,0,1
"948",36,1,1
"949",14,1,0
"950",35,1,1
"951",16,0,0
"952",8,0,1
"953",13,0,0
"954",19,0,0
"955",8,0,1
"956",20,1,0
"957",27,1,0
"958",16,0,0
"959",27,1,1
"960",30,1,1
"961",20,1,0
"962",15,1,0
"963",18,0,0
"964",15,0,0
"965",16,0,0
"966",11,0,1
"967",19,1,0
"968",25,1,1
"969",11,0,0
"970",5,0,1
"971",7,0,1
"972",20,1,0
"973",40,1,1
"974",6,0,1
"975",40,1,1
"976",21,1,0
"977",21,1,0
"978",32,1,1
"979",34,1,1
"980",3,0,1
"981",19,1,0
"982",9,0,0
"983",39,1,1
"984",17,0,0
"985",29,1,1
"986",21,1,0
"987",12,0,0
"988",45,1,1
"989",9,0,1
"990",32,1,1
"991",12,0,1
"992",28,1,1
"993",4,0,0
"994",22,1,0
"995",40,1,1
"996",40,1,1
"997",13,0,0
"998",6,0,1
"999",8,0,0
"1000",38,1,1
